<?xml version="1.0"?>
<!--<!DOCTYPE metadata SYSTEM "http://www.esri.com/metadata/esriprof80.dtd">-->
<metadata xml:lang="en"><Esri><MetaID>{F31F6E73-51AC-4D4D-9791-E6FC9E9A0538}</MetaID><CreaDate>20090325</CreaDate><CreaTime>12002100</CreaTime><SyncOnce>TRUE</SyncOnce><DataProperties><lineage><Process Name="DefineProjection_7" ToolSource="C:\Archivos de programa\ArcGIS\ArcToolbox\Toolboxes\Data Management Tools.tbx\DefineProjection" Date="20090325" Time="120021">DefineProjection E:\AtlasCR2008new\Basedatos\Regionesmideplan\regionmideplancrtm05.shp PROJCS['Proyección CRTM05',GEOGCS['GCS_WGS_1984',DATUM['D_WGS_1984',SPHEROID['WGS_1984',6378137.0,298.257223563]],PRIMEM['Greenwich',0.0],UNIT['Degree',0.0174532925199433]],PROJECTION['Transverse_Mercator'],PARAMETER['False_Easting',500000.0],PARAMETER['False_Northing',0.0],PARAMETER['Central_Meridian',-84.0],PARAMETER['Scale_Factor',0.9999],PARAMETER['Latitude_Of_Origin',0.0],UNIT['Meter',1.0]] E:\AtlasCR2008new\Basedatos\Regionesmideplan\regionmideplancrtm05.shp</Process><Process Name="DefineProjection_4" ToolSource="C:\Archivos de programa\ArcGIS\ArcToolbox\Toolboxes\Data Management Tools.tbx\DefineProjection" Date="20090325" Time="221534">DefineProjection E:\AtlasCR2008new\Basedatos\Regionesmideplan\regionmideplancrtm05.shp PROJCS['Proyección CRTM05',GEOGCS['GCS_WGS_1984',DATUM['D_WGS_1984',SPHEROID['WGS_1984',6378137.0,298.257223563]],PRIMEM['Greenwich',0.0],UNIT['Degree',0.0174532925199433]],PROJECTION['Transverse_Mercator'],PARAMETER['False_Easting',500000.0],PARAMETER['False_Northing',0.0],PARAMETER['Central_Meridian',-84.0],PARAMETER['Scale_Factor',0.9999],PARAMETER['Latitude_Of_Origin',0.0],UNIT['Meter',1.0]] E:\AtlasCR2008new\Basedatos\Regionesmideplan\regionmideplancrtm05.shp</Process></lineage></DataProperties></Esri></metadata>
