<?xml version="1.0"?>
<!--<!DOCTYPE metadata SYSTEM "http://www.esri.com/metadata/esriprof80.dtd">-->
<metadata xml:lang="es"><Esri><MetaID>{5A817AB8-B14E-4F2C-AFE9-D6248FF1EC7A}</MetaID><CreaDate>20090216</CreaDate><CreaTime>22570800</CreaTime><SyncOnce>TRUE</SyncOnce><DataProperties><lineage><Process Name="DefineProjection_73" ToolSource="C:\Archivos de programa\ArcGIS\ArcToolbox\Toolboxes\Data Management Tools.tbx\DefineProjection" Date="20090216" Time="225708">DefineProjection C:\Atlas2008finalesCRtm05\RiesgoIncendios\riesgoincendiocrtm05.shp PROJCS['Proyección CRTM05',GEOGCS['GCS_WGS_1984',DATUM['D_WGS_1984',SPHEROID['WGS_1984',6378137.0,298.257223563]],PRIMEM['Greenwich',0.0],UNIT['Degree',0.0174532925199433]],PROJECTION['Transverse_Mercator'],PARAMETER['False_Easting',500000.0],PARAMETER['False_Northing',0.0],PARAMETER['Central_Meridian',-84.0],PARAMETER['Scale_Factor',0.9999],PARAMETER['Latitude_Of_Origin',0.0],UNIT['Meter',1.0]] C:\Atlas2008finalesCRtm05\RiesgoIncendios\riesgoincendiocrtm05.shp</Process></lineage></DataProperties></Esri></metadata>
